{"cameraMode":{"drawMode":0,"name":"Shaded","section":"Shading Mode"},"sceneLighting":true,"audioPlay":false,"sceneViewState":{"showFog":true,"showMaterialUpdate":false,"showSkybox":true,"showFlares":true,"showImageEffects":true,"showParticleSystems":true},"in2DMode":false,"pivot":{"x":-52.17577362060547,"y":6.354676246643066,"z":90.4593505859375},"rotation":{"x":-0.022415945306420327,"y":0.08537424355745316,"z":0.0019212542101740838,"w":0.9960947632789612},"size":507.59869384765627,"orthographic":true}